gene,tier,variant_notation,uniprot_accession,protein_length,context_window_applied,esm2_score,recurrence_count,sample_ids
BRAF,B,L597V,P15056,766,False,-6.859137058258057,1,TCGA-3L-AA1B-01
PIK3CA,B,E545K,P42336,1068,True,-3.1376380920410156,32,TCGA-3L-AA1B-01;TCGA-5M-AATE-01;TCGA-A6-5657-01;TCGA-AA-3660-01;TCGA-AA-3712-01;TCGA-AA-3818-01;TCGA-AA-A01C-01;TCGA-AA-A02E-01;TCGA-AA-A02O-01;TCGA-AA-A02Y-01;TCGA-AA-A03F-01;TCGA-AA-A03J-01;TCGA-AD-6890-01;TCGA-AY-5543-01;TCGA-CK-6747-01;TCGA-CM-4748-01;TCGA-CM-5860-01;TCGA-CM-6168-01;TCGA-CM-6680-01;TCGA-D5-6529-01;TCGA-D5-6532-01;TCGA-D5-6920-01;TCGA-D5-6931-01;TCGA-DM-A0X9-01;TCGA-DM-A0XD-01;TCGA-DM-A285-01;TCGA-DM-A28C-01;TCGA-F4-6809-01;TCGA-G4-6304-01;TCGA-G4-6627-01;TCGA-QG-A5YW-01;TCGA-T9-A92H-01
KRAS,B,G12D,P01116,189,False,-8.798599243164062,48,TCGA-4N-A93T-01;TCGA-5M-AAT4-01;TCGA-5M-AAT5-01;TCGA-5M-AAT6-01;TCGA-A6-2674-01;TCGA-A6-2684-01;TCGA-A6-3808-01;TCGA-AA-3502-01;TCGA-AA-3511-01;TCGA-AA-3655-01;TCGA-AA-3673-01;TCGA-AA-3675-01;TCGA-AA-3695-01;TCGA-AA-3715-01;TCGA-AA-3818-01;TCGA-AA-3841-01;TCGA-AA-3848-01;TCGA-AA-3851-01;TCGA-AA-3864-01;TCGA-AA-3994-01;TCGA-AA-A01Z-01;TCGA-AA-A02O-01;TCGA-AA-A03F-01;TCGA-AD-A5EK-01;TCGA-AY-6386-01;TCGA-AZ-5407-01;TCGA-CK-4948-01;TCGA-CK-4950-01;TCGA-CK-6748-01;TCGA-CK-6751-01;TCGA-CM-4748-01;TCGA-CM-4751-01;TCGA-CM-5863-01;TCGA-CM-6674-01;TCGA-CM-6678-01;TCGA-D5-6535-01;TCGA-D5-6541-01;TCGA-D5-6931-01;TCGA-D5-6932-01;TCGA-DM-A282-01;TCGA-DM-A28A-01;TCGA-DM-A28K-01;TCGA-F4-6461-01;TCGA-F4-6703-01;TCGA-G4-6320-01;TCGA-NH-A50U-01;TCGA-NH-A6GA-01;TCGA-QL-A97D-01
TP53,B,R273H,P04637,393,False,-6.294926166534424,12,TCGA-4N-A93T-01;TCGA-A6-A567-01;TCGA-AA-3655-01;TCGA-AA-3660-01;TCGA-AA-3949-01;TCGA-AY-6196-01;TCGA-CM-6163-01;TCGA-D5-5541-01;TCGA-D5-6531-01;TCGA-D5-6926-01;TCGA-NH-A50V-01;TCGA-NH-A8F8-01
KRAS,B,G12V,P01116,189,False,-8.881413459777832,34,TCGA-4T-AA8H-01;TCGA-A6-2681-01;TCGA-A6-4105-01;TCGA-A6-5659-01;TCGA-A6-5662-01;TCGA-AA-3530-01;TCGA-AA-3837-01;TCGA-AA-3844-01;TCGA-AA-3854-01;TCGA-AA-A01I-01;TCGA-AA-A01X-01;TCGA-AA-A02E-01;TCGA-AA-A02Y-01;TCGA-AM-5820-01;TCGA-AY-A71X-01;TCGA-AZ-6606-01;TCGA-CA-5255-01;TCGA-CA-5796-01;TCGA-D5-5538-01;TCGA-D5-5540-01;TCGA-D5-6538-01;TCGA-D5-6539-01;TCGA-DM-A1D0-01;TCGA-DM-A28E-01;TCGA-DM-A28M-01;TCGA-F4-6806-01;TCGA-F4-6807-01;TCGA-F4-6854-01;TCGA-F4-6855-01;TCGA-G4-6627-01;TCGA-NH-A50V-01;TCGA-NH-A6GC-01;TCGA-NH-A8F8-01;TCGA-QG-A5YV-01
PIK3CA,B,I69N,P42336,1068,True,-3.1940345764160156,1,TCGA-5M-AAT4-01
TP53,B,R273C,P04637,393,False,-7.312757968902588,8,TCGA-5M-AAT4-01;TCGA-5M-AATA-01;TCGA-A6-6138-01;TCGA-AA-3844-01;TCGA-AM-5821-01;TCGA-AY-4070-01;TCGA-D5-6540-01;TCGA-RU-A8FL-01
FBXW7,B,R689W,Q969H0,707,False,-7.246071815490723,3,TCGA-5M-AAT4-01;TCGA-A6-5657-01;TCGA-A6-6142-01
FBXW7,B,S582L,Q969H0,707,False,1.5448224544525146,4,TCGA-5M-AAT4-01;TCGA-AA-3831-01;TCGA-AA-A01Z-01;TCGA-D5-6531-01
TP53,B,S215N,P04637,393,False,-5.885491847991943,1,TCGA-5M-AAT5-01
FBXW7,B,R465H,Q969H0,707,False,-9.842247009277344,9,TCGA-5M-AAT5-01;TCGA-AA-3675-01;TCGA-AA-3681-01;TCGA-AA-3852-01;TCGA-AA-A01R-01;TCGA-AA-A03F-01;TCGA-AM-5821-01;TCGA-NH-A50T-01;TCGA-NH-A6GB-01
PIK3CA,B,E545A,P42336,1068,True,-1.455284595489502,3,TCGA-5M-AATA-01;TCGA-AA-3956-01;TCGA-CA-5255-01
KRAS,B,G13D,P01116,189,False,-7.184606075286865,28,TCGA-5M-AATE-01;TCGA-A6-4107-01;TCGA-A6-6138-01;TCGA-AA-3506-01;TCGA-AA-3663-01;TCGA-AA-3680-01;TCGA-AA-3842-01;TCGA-AA-3989-01;TCGA-AA-A00N-01;TCGA-AA-A01R-01;TCGA-AD-6548-01;TCGA-AY-5543-01;TCGA-AZ-6599-01;TCGA-AZ-6600-01;TCGA-CA-6716-01;TCGA-CM-6168-01;TCGA-D5-5539-01;TCGA-D5-6529-01;TCGA-D5-6532-01;TCGA-D5-6927-01;TCGA-DM-A0X9-01;TCGA-DM-A0XD-01;TCGA-DM-A1D8-01;TCGA-DM-A1D9-01;TCGA-DM-A288-01;TCGA-G4-6304-01;TCGA-G4-6320-01;TCGA-G4-6323-01
TP53,B,S127T,P04637,393,False,-7.638666152954102,1,TCGA-5M-AATE-01
PIK3CA,B,R108H,P42336,1068,True,-1.1888465881347656,3,TCGA-A6-2674-01;TCGA-CM-6162-01;TCGA-F4-6807-01
FBXW7,B,R505G,Q969H0,707,False,-9.534286499023438,1,TCGA-A6-2677-01
TP53,B,L145R,P04637,393,False,-10.2955961227417,1,TCGA-A6-2681-01
PIK3CA,B,D350N,P42336,1068,True,-0.10539913177490234,1,TCGA-A6-2683-01
PIK3CA,B,C420R,P42336,1068,True,-2.9022388458251953,4,TCGA-A6-2684-01;TCGA-AA-3673-01;TCGA-AD-6965-01;TCGA-AY-A69D-01
TP53,B,V173L,P04637,393,False,-5.085834503173828,2,TCGA-A6-2684-01;TCGA-AD-A5EK-01
KRAS,B,Q61R,P01116,189,False,-6.695419788360596,2,TCGA-A6-2685-01;TCGA-A6-5664-01
BRAF,B,V600E,P15056,766,False,-10.011297225952148,47,TCGA-A6-2686-01;TCGA-A6-3809-01;TCGA-A6-5661-01;TCGA-A6-5665-01;TCGA-A6-6649-01;TCGA-A6-6653-01;TCGA-AA-3492-01;TCGA-AA-3664-01;TCGA-AA-3684-01;TCGA-AA-3713-01;TCGA-AA-3715-01;TCGA-AA-3821-01;TCGA-AA-3833-01;TCGA-AA-3877-01;TCGA-AA-3947-01;TCGA-AA-3949-01;TCGA-AA-3966-01;TCGA-AA-A01P-01;TCGA-AA-A022-01;TCGA-AA-A02R-01;TCGA-AD-5900-01;TCGA-AD-6889-01;TCGA-AD-A5EJ-01;TCGA-AM-5821-01;TCGA-AU-6004-01;TCGA-AY-6196-01;TCGA-AZ-4614-01;TCGA-AZ-4615-01;TCGA-AZ-6598-01;TCGA-CK-4951-01;TCGA-CK-4952-01;TCGA-CK-6746-01;TCGA-CM-5861-01;TCGA-CM-6171-01;TCGA-D5-6534-01;TCGA-D5-6540-01;TCGA-D5-6928-01;TCGA-D5-6930-01;TCGA-DM-A1HB-01;TCGA-F4-6570-01;TCGA-G4-6299-01;TCGA-G4-6302-01;TCGA-G4-6321-01;TCGA-G4-6586-01;TCGA-G4-6588-01;TCGA-G4-6628-01;TCGA-QG-A5Z2-01
MSLN,A,R143H,Q13421,622,False,-3.140552043914795,1,TCGA-A6-2686-01
FBXW7,B,R658Q,Q969H0,707,False,-2.396550416946411,2,TCGA-A6-2686-01;TCGA-AA-A022-01
FBXW7,B,R505C,Q969H0,707,False,-9.61252498626709,4,TCGA-A6-3807-01;TCGA-A6-3809-01;TCGA-D5-6927-01;TCGA-WS-AB45-01
PIK3CA,B,H1047R,P42336,1068,True,-2.514451503753662,16,TCGA-A6-3808-01;TCGA-A6-6780-01;TCGA-AA-3548-01;TCGA-AA-3696-01;TCGA-AA-3715-01;TCGA-AA-3877-01;TCGA-AA-3947-01;TCGA-AD-A5EJ-01;TCGA-AM-5821-01;TCGA-AU-6004-01;TCGA-CA-5255-01;TCGA-DM-A1HB-01;TCGA-DM-A28M-01;TCGA-F4-6855-01;TCGA-G4-6586-01;TCGA-QG-A5YX-01
SMAD4,B,P550T,Q13485,552,False,0.0009970664978027344,1,TCGA-A6-3809-01
TP53,B,R248W,P04637,393,False,-12.427838325500488,9,TCGA-A6-3810-01;TCGA-AA-3679-01;TCGA-AA-3966-01;TCGA-AA-3979-01;TCGA-CM-6676-01;TCGA-D5-6533-01;TCGA-DM-A1HA-01;TCGA-F4-6805-01;TCGA-G4-6315-01
PIK3CA,B,E542K,P42336,1068,True,-1.7259191274642944,13,TCGA-A6-4105-01;TCGA-A6-4107-01;TCGA-AA-3663-01;TCGA-AA-3812-01;TCGA-AA-3850-01;TCGA-AA-3855-01;TCGA-AD-6899-01;TCGA-AY-6386-01;TCGA-CM-6678-01;TCGA-D5-6541-01;TCGA-DM-A1D8-01;TCGA-G4-6293-01;TCGA-NH-A50T-01
TP53,B,H179R,P04637,393,False,-9.110468864440918,1,TCGA-A6-4105-01
TP53,B,V157F,P04637,393,False,-6.063600063323975,1,TCGA-A6-5656-01
KRAS,B,G12S,P01116,189,False,-6.5856146812438965,7,TCGA-A6-5657-01;TCGA-AA-3814-01;TCGA-AY-A69D-01;TCGA-CM-4744-01;TCGA-DM-A280-01;TCGA-G4-6294-01;TCGA-G4-6297-01
PIK3CA,B,R88Q,P42336,1068,True,-2.2816967964172363,13,TCGA-A6-5659-01;TCGA-A6-5666-01;TCGA-AA-3510-01;TCGA-AA-3837-01;TCGA-AA-3848-01;TCGA-AA-3864-01;TCGA-AA-3977-01;TCGA-AZ-4315-01;TCGA-CA-6717-01;TCGA-CA-6718-01;TCGA-CM-6162-01;TCGA-D5-6927-01;TCGA-G4-6628-01
TP53,B,C135Y,P04637,393,False,-3.8758068084716797,2,TCGA-A6-5659-01;TCGA-CK-4948-01
PIK3CA,B,D725G,P42336,1068,True,0.1624901294708252,1,TCGA-A6-5660-01
FBXW7,B,R465C,Q969H0,707,False,-10.429536819458008,6,TCGA-A6-5661-01;TCGA-AA-3848-01;TCGA-D5-6928-01;TCGA-D5-6931-01;TCGA-DM-A1HB-01;TCGA-QG-A5YW-01
TP53,B,Y107D,P04637,393,False,-4.0804243087768555,1,TCGA-A6-5662-01
SMAD4,B,K340E,Q13485,552,False,0.0814676284790039,1,TCGA-A6-5664-01
SLC38A11,A,S403N,Q08AI6,406,False,-3.117129325866699,1,TCGA-A6-5665-01
KRAS,B,Q61H,P01116,189,False,-5.630672454833984,2,TCGA-A6-5666-01;TCGA-DM-A28G-01
TP53,B,R248Q,P04637,393,False,-9.550259590148926,13,TCGA-A6-5667-01;TCGA-A6-6142-01;TCGA-A6-6651-01;TCGA-CK-5914-01;TCGA-CM-4746-01;TCGA-CM-5341-01;TCGA-CM-6172-01;TCGA-DM-A1D4-01;TCGA-DM-A1D7-01;TCGA-DM-A1DB-01;TCGA-F4-6459-01;TCGA-G4-6317-01;TCGA-NH-A6GA-01
TP53,B,V272L,P04637,393,False,-1.5496755838394165,1,TCGA-A6-6137-01
TP53,B,R175C,P04637,393,False,-5.618514060974121,3,TCGA-A6-6142-01;TCGA-AA-A010-01;TCGA-WS-AB45-01
TP53,B,V274D,P04637,393,False,-8.926468849182129,1,TCGA-A6-6649-01
TP53,B,A161T,P04637,393,False,-3.818619966506958,1,TCGA-A6-6652-01
KRAS,B,A155D,P01116,189,False,-11.194032669067383,1,TCGA-A6-6653-01
KRAS,B,G13C,P01116,189,False,-7.107295513153076,2,TCGA-A6-6654-01;TCGA-NH-A6GB-01
PIK3CA,B,T1025A,P42336,1068,True,-0.43033313751220703,2,TCGA-A6-6781-01;TCGA-CK-4951-01
MSLN,A,R295W,Q13421,622,False,-7.9381537437438965,1,TCGA-A6-6781-01
METTL27,A,V197A,Q8N6F8,245,False,1.5187387466430664,1,TCGA-A6-6781-01
TP53,B,T211I,P04637,393,False,-3.897336006164551,2,TCGA-A6-6782-01;TCGA-D5-6898-01
SMAD4,B,A118V,Q13485,552,False,0.2755904197692871,1,TCGA-A6-A565-01
SMAD4,B,R361H,Q13485,552,False,-1.4778387546539307,9,TCGA-A6-A565-01;TCGA-AA-3692-01;TCGA-AA-3811-01;TCGA-AD-6899-01;TCGA-CA-6717-01;TCGA-CM-6171-01;TCGA-D5-5538-01;TCGA-D5-7000-01;TCGA-G4-6322-01
KRAS,B,K117N,P01116,189,False,-10.613727569580078,3,TCGA-A6-A566-01;TCGA-AA-3977-01;TCGA-CA-6718-01
PIK3CA,B,E365K,P42336,1068,True,-0.8767666816711426,1,TCGA-A6-A566-01
KRAS,B,G12C,P01116,189,False,-8.412407875061035,10,TCGA-A6-A567-01;TCGA-AA-3696-01;TCGA-AA-A02W-01;TCGA-AA-A03J-01;TCGA-AY-A54L-01;TCGA-AZ-6607-01;TCGA-CM-4747-01;TCGA-DM-A1D4-01;TCGA-DM-A1D6-01;TCGA-DM-A1HA-01
FBXL16,A,Y108C,Q8N461,479,False,-3.6596519947052,1,TCGA-A6-A567-01
PIK3CA,B,D350G,P42336,1068,True,-0.780663013458252,2,TCGA-AA-3489-01;TCGA-AA-3848-01
PIK3CA,B,G1049R,P42336,1068,True,-5.900873184204102,1,TCGA-AA-3489-01
METTL27,A,G110S,Q8N6F8,245,False,-4.793725967407227,1,TCGA-AA-3492-01
MSLN,A,D191N,Q13421,622,False,-6.790487289428711,1,TCGA-AA-3510-01
TP53,B,G245S,P04637,393,False,-7.508734703063965,4,TCGA-AA-3511-01;TCGA-D5-6538-01;TCGA-G4-6320-01;TCGA-T9-A92H-01
PIK3CA,B,L239R,P42336,1068,True,-1.1044065952301025,1,TCGA-AA-3522-01
PIK3CA,B,N345K,P42336,1068,True,-0.6490623950958252,2,TCGA-AA-3527-01;TCGA-AA-3837-01
SMAD4,B,G510R,Q13485,552,False,0.3299522399902344,1,TCGA-AA-3530-01
KRAS,B,A146T,P01116,189,False,-6.66318416595459,13,TCGA-AA-3660-01;TCGA-AA-3681-01;TCGA-AA-3979-01;TCGA-AA-3986-01;TCGA-AD-6964-01;TCGA-AZ-4315-01;TCGA-CM-4746-01;TCGA-CM-5349-01;TCGA-CM-6166-01;TCGA-D5-5537-01;TCGA-F4-6463-01;TCGA-F4-6856-01;TCGA-NH-A5IV-01
IL1RN,A,S128L,P18510,177,False,-3.1244008541107178,1,TCGA-AA-3663-01
SMAD4,B,V437D,Q13485,552,False,-2.4134302139282227,1,TCGA-AA-3666-01
TP53,B,F109C,P04637,393,False,-7.114631175994873,1,TCGA-AA-3666-01
TP53,B,R282W,P04637,393,False,-7.935574531555176,11,TCGA-AA-3667-01;TCGA-AD-6899-01;TCGA-CM-5862-01;TCGA-CM-5868-01;TCGA-CM-6677-01;TCGA-D5-6535-01;TCGA-DM-A1D6-01;TCGA-F4-6854-01;TCGA-G4-6294-01;TCGA-NH-A6GC-01;TCGA-QL-A97D-01
PIK3CA,B,V344G,P42336,1068,True,-4.533959865570068,2,TCGA-AA-3675-01;TCGA-DM-A28A-01
PIK3CA,B,H1047Y,P42336,1068,True,1.3867417573928833,4,TCGA-AA-3675-01;TCGA-CM-4746-01;TCGA-DM-A28A-01;TCGA-F4-6569-01
TP53,B,G244D,P04637,393,False,-5.171953201293945,1,TCGA-AA-3681-01
TP53,B,Y205C,P04637,393,False,-7.555329322814941,2,TCGA-AA-3685-01;TCGA-CM-5348-01
TP53,B,Y234H,P04637,393,False,-7.161186218261719,1,TCGA-AA-3688-01
TP53,B,C124G,P04637,393,False,-1.801562786102295,1,TCGA-AA-3693-01
TP53,B,P278A,P04637,393,False,-6.6386260986328125,1,TCGA-AA-3712-01
IL1RN,A,A124T,P18510,177,False,3.0993525981903076,2,TCGA-AA-3713-01;TCGA-CA-6717-01
FBXW7,B,A626D,Q969H0,707,False,-6.382691860198975,1,TCGA-AA-3713-01
BRAF,B,K205Q,P15056,766,False,-6.8899030685424805,1,TCGA-AA-3715-01
SMAD4,B,V136A,Q13485,552,False,0.11525344848632812,1,TCGA-AA-3811-01
TP53,B,C141S,P04637,393,False,-5.57737922668457,1,TCGA-AA-3814-01
ALDOB,A,G315A,P05062,364,False,-1.643499493598938,1,TCGA-AA-3821-01
SMAD4,B,R496H,Q13485,552,False,-1.1623072624206543,1,TCGA-AA-3821-01
PIK3CA,B,M1043I,P42336,1068,True,1.0189259052276611,4,TCGA-AA-3821-01;TCGA-AA-3977-01;TCGA-F4-6807-01;TCGA-QG-A5YV-01
PIK3CA,B,H1047L,P42336,1068,True,0.3156183958053589,1,TCGA-AA-3821-01
WNT11,A,G315R,O96014,354,False,-9.706104278564453,1,TCGA-AA-3821-01
FBXW7,B,E287V,Q969H0,707,False,-6.084500312805176,1,TCGA-AA-3837-01
TP53,B,E286K,P04637,393,False,-7.1062846183776855,1,TCGA-AA-3841-01
SMAD4,B,C363W,Q13485,552,False,-0.10107278823852539,1,TCGA-AA-3842-01
ALDOB,A,S161I,P05062,364,False,-1.8755431175231934,1,TCGA-AA-3845-01
KRAS,B,Q61K,P01116,189,False,-6.482525825500488,3,TCGA-AA-3845-01;TCGA-AD-6895-01;TCGA-D5-7000-01
SMAD4,B,L533R,Q13485,552,False,0.4755887985229492,1,TCGA-AA-3845-01
FBXW7,B,E192A,Q969H0,707,False,0.6762113571166992,1,TCGA-AA-3845-01
FBXW7,B,S476R,Q969H0,707,False,-14.68543529510498,1,TCGA-AA-3850-01
TP53,B,R175H,P04637,393,False,-5.974370956420898,21,TCGA-AA-3851-01;TCGA-AA-3968-01;TCGA-AA-A01T-01;TCGA-AA-A02F-01;TCGA-AU-3779-01;TCGA-AY-6197-01;TCGA-AZ-4681-01;TCGA-AZ-5407-01;TCGA-AZ-6606-01;TCGA-D5-5540-01;TCGA-D5-6532-01;TCGA-D5-6541-01;TCGA-DM-A0XF-01;TCGA-DM-A1D8-01;TCGA-DM-A1D9-01;TCGA-DM-A28H-01;TCGA-F4-6854-01;TCGA-G4-6298-01;TCGA-G4-6306-01;TCGA-G4-6626-01;TCGA-QG-A5YV-01
KRAS,B,G12A,P01116,189,False,-5.800634384155273,7,TCGA-AA-3852-01;TCGA-AD-6901-01;TCGA-AD-6965-01;TCGA-AZ-4616-01;TCGA-CK-4947-01;TCGA-D5-6531-01;TCGA-SS-A7HO-01
PIK3CA,B,E81K,P42336,1068,True,-7.614752769470215,2,TCGA-AA-3852-01;TCGA-D5-5540-01
PIK3CA,B,G106R,P42336,1068,True,0.24025869369506836,1,TCGA-AA-3852-01
PIK3CA,B,E545Q,P42336,1068,True,-0.7690749168395996,1,TCGA-AA-3852-01
IL1RN,A,L103R,P18510,177,False,-9.485065460205078,1,TCGA-AA-3864-01
SMAD4,B,A327V,Q13485,552,False,0.3481576442718506,1,TCGA-AA-3864-01
WNT11,A,P148H,O96014,354,False,-4.255640029907227,1,TCGA-AA-3864-01
PIK3CA,B,G364R,P42336,1068,True,-1.235015630722046,1,TCGA-AA-3866-01
TP53,B,L130F,P04637,393,False,-5.839817523956299,1,TCGA-AA-3875-01
ALDOB,A,L306M,P05062,364,False,-4.747992038726807,1,TCGA-AA-3949-01
TP53,B,V173M,P04637,393,False,-6.763948917388916,1,TCGA-AA-3956-01
TP53,B,R249G,P04637,393,False,-7.385531425476074,1,TCGA-AA-3966-01
KRAS,B,R68S,P01116,189,False,-7.287199974060059,1,TCGA-AA-3975-01
TP53,B,C275Y,P04637,393,False,-8.138192176818848,2,TCGA-AA-3975-01;TCGA-D5-6932-01
TP53,B,K132T,P04637,393,False,-6.099461555480957,1,TCGA-AA-3977-01
TP53,B,C141Y,P04637,393,False,-5.748321533203125,1,TCGA-AA-3982-01
SMAD4,B,A39T,Q13485,552,False,-0.2063276767730713,1,TCGA-AA-3984-01
SMAD4,B,E134K,Q13485,552,False,-0.52532958984375,1,TCGA-AA-3984-01
SMAD4,B,G65E,Q13485,552,False,0.12366724014282227,1,TCGA-AA-3984-01
PIK3CA,B,R357Q,P42336,1068,True,-3.3713510036468506,3,TCGA-AA-3984-01;TCGA-AA-A00N-01;TCGA-F4-6569-01
PIK3CA,B,E970K,P42336,1068,True,0.0382533073425293,3,TCGA-AA-3984-01;TCGA-CA-6717-01;TCGA-DM-A0X9-01
FBXW7,B,K167T,Q969H0,707,False,1.2150261402130127,1,TCGA-AA-3984-01
FBXW7,B,R14Q,Q969H0,707,False,-2.557114601135254,2,TCGA-AA-3984-01;TCGA-CA-6717-01
FBXW7,B,D520Y,Q969H0,707,False,-12.466054916381836,1,TCGA-AA-3984-01
PIK3CA,B,V344A,P42336,1068,True,-3.0207271575927734,1,TCGA-AA-A00N-01
PIK3CA,B,Y1021C,P42336,1068,True,-6.874792575836182,3,TCGA-AA-A00N-01;TCGA-CM-6171-01;TCGA-NH-A5IV-01
WNT11,A,A29V,O96014,354,False,-6.216773986816406,1,TCGA-AA-A00N-01
PIK3CA,B,R777M,P42336,1068,True,-5.022634029388428,1,TCGA-AA-A010-01
MSLN,A,L399F,Q13421,622,False,-3.841850996017456,1,TCGA-AA-A010-01
SLC38A11,A,V358I,Q08AI6,406,False,-0.20377683639526367,1,TCGA-AA-A010-01
TP53,B,A159P,P04637,393,False,-7.874067783355713,3,TCGA-AA-A017-01;TCGA-CM-5864-01;TCGA-F4-6807-01
PIK3CA,B,Q546K,P42336,1068,True,0.3021831512451172,1,TCGA-AA-A01I-01
SLC38A11,A,V205M,Q08AI6,406,False,-0.23801183700561523,1,TCGA-AA-A01R-01
TP53,B,P278R,P04637,393,False,-9.971272468566895,1,TCGA-AA-A01S-01
PIK3CA,B,T1052K,P42336,1068,True,-7.670129776000977,1,TCGA-AA-A01V-01
FBXW7,B,D520N,Q969H0,707,False,-8.08976936340332,1,TCGA-AA-A01Z-01
FBXW7,B,R505H,Q969H0,707,False,-8.479218482971191,2,TCGA-AA-A024-01;TCGA-DM-A28G-01
SMAD4,B,G419A,Q13485,552,False,-0.3397409915924072,1,TCGA-AA-A02E-01
TP53,B,K132E,P04637,393,False,-8.469254493713379,1,TCGA-AA-A02E-01
TP53,B,F113C,P04637,393,False,-4.09653902053833,1,TCGA-AA-A02H-01
SMAD4,B,C324R,Q13485,552,False,-1.4948515892028809,1,TCGA-AA-A02O-01
TP53,B,K132N,P04637,393,False,-7.084242820739746,2,TCGA-AA-A03J-01;TCGA-AZ-6603-01
PIK3CA,B,R38C,P42336,1068,True,-3.683645248413086,2,TCGA-AD-5900-01;TCGA-F4-6856-01
TP53,B,V216G,P04637,393,False,-10.397761344909668,1,TCGA-AD-6548-01
TP53,B,Y236C,P04637,393,False,-2.9544997215270996,1,TCGA-AD-6888-01
FBXL16,A,P320R,Q8N461,479,False,-1.8254197835922241,1,TCGA-AD-6895-01
SMAD4,B,D537H,Q13485,552,False,-0.5139486789703369,2,TCGA-AD-6899-01;TCGA-DM-A28H-01
TP53,B,G199V,P04637,393,False,-4.2079973220825195,1,TCGA-AD-6901-01
TP53,B,I232S,P04637,393,False,-5.92237663269043,1,TCGA-AD-6963-01
PIK3CA,B,E726K,P42336,1068,True,0.30264925956726074,3,TCGA-AD-6964-01;TCGA-CM-4751-01;TCGA-F4-6461-01
FBXW7,B,T196S,Q969H0,707,False,0.6178220510482788,1,TCGA-AD-6964-01
PIK3CA,B,E542G,P42336,1068,True,-2.9277992248535156,2,TCGA-AD-A5EJ-01;TCGA-QG-A5YX-01
METTL27,A,E236G,Q8N6F8,245,False,1.8315753936767578,1,TCGA-AD-A5EJ-01
PIK3CA,B,A224S,P42336,1068,True,-2.1398987770080566,1,TCGA-AM-5821-01
TP53,B,M237I,P04637,393,False,-1.8808600902557373,2,TCGA-AY-4071-01;TCGA-AZ-4308-01
SLC38A11,A,A156T,Q08AI6,406,False,-3.035905599594116,1,TCGA-AY-6197-01
FBXW7,B,T653M,Q969H0,707,False,-6.348773002624512,1,TCGA-AY-A54L-01
PIK3CA,B,E722K,P42336,1068,True,0.4817631244659424,1,TCGA-AY-A69D-01
PIK3CA,B,H1048R,P42336,1068,True,-0.8905813694000244,1,TCGA-AZ-4315-01
MSLN,A,P409H,Q13421,622,False,-2.3986895084381104,1,TCGA-AZ-4315-01
SLC38A11,A,K152N,Q08AI6,406,False,-1.4127898216247559,1,TCGA-AZ-4315-01
TP53,B,I162N,P04637,393,False,-6.713781833648682,1,TCGA-AZ-4323-01
TP53,B,C176Y,P04637,393,False,-10.92755126953125,1,TCGA-AZ-4614-01
SMAD4,B,G419V,Q13485,552,False,-0.7608058452606201,1,TCGA-AZ-4616-01
PIK3CA,B,Q546R,P42336,1068,True,-0.9979104995727539,1,TCGA-AZ-4616-01
TP53,B,S240R,P04637,393,False,-5.524808406829834,1,TCGA-AZ-4616-01
TP53,B,A79V,P04637,393,False,-2.476386785507202,1,TCGA-AZ-5403-01
SMAD4,B,Y117H,Q13485,552,False,-0.043618202209472656,1,TCGA-AZ-6598-01
WNT11,A,C331R,O96014,354,False,-12.888799667358398,1,TCGA-AZ-6599-01
TP53,B,D259V,P04637,393,False,-7.437575340270996,1,TCGA-AZ-6600-01
TP53,B,T155I,P04637,393,False,-3.9203238487243652,1,TCGA-AZ-6605-01
TP53,B,V272M,P04637,393,False,-2.5947179794311523,1,TCGA-AZ-6607-01
SMAD4,B,D351G,Q13485,552,False,0.30972766876220703,1,TCGA-CA-5796-01
TP53,B,S127F,P04637,393,False,-7.914112091064453,1,TCGA-CA-5797-01
TP53,B,R213Q,P04637,393,False,-4.065277576446533,1,TCGA-CA-6715-01
BRAF,B,S637P,P15056,766,False,-10.36646842956543,1,TCGA-CA-6717-01
PIK3CA,B,S1015Y,P42336,1068,True,-5.273963928222656,1,TCGA-CA-6717-01
FBXW7,B,R393Q,Q969H0,707,False,-3.9883365631103516,1,TCGA-CA-6717-01
KRAS,B,Q22K,P01116,189,False,-8.333247184753418,1,TCGA-CA-6718-01
SMAD4,B,Q534P,Q13485,552,False,0.2158184051513672,1,TCGA-CA-6718-01
PIK3CA,B,M732I,P42336,1068,True,-0.5936427116394043,1,TCGA-CA-6718-01
PIK3CA,B,H1047Q,P42336,1068,True,-2.3362154960632324,1,TCGA-CA-6718-01
FBXW7,B,D279Y,Q969H0,707,False,-9.169294357299805,1,TCGA-CA-6718-01
SMAD4,B,A532D,Q13485,552,False,-0.28725409507751465,1,TCGA-CK-4950-01
RAC3,A,A146G,P60763,192,False,-4.216642379760742,1,TCGA-CK-4951-01
TP53,B,R333C,P04637,393,False,-2.267897844314575,1,TCGA-CK-4951-01
SMAD4,B,C115Y,Q13485,552,False,0.3125495910644531,1,TCGA-CK-5916-01
METTL27,A,E5D,Q8N6F8,245,False,-0.6989531517028809,1,TCGA-CK-5916-01
FBXW7,B,L577S,Q969H0,707,False,-9.463811874389648,1,TCGA-CK-6746-01
BRAF,B,D594N,P15056,766,False,-9.027566909790039,2,TCGA-CK-6747-01;TCGA-DM-A28C-01
MSLN,A,R274C,Q13421,622,False,-5.030829429626465,1,TCGA-CK-6747-01
FBXW7,B,G233C,Q969H0,707,False,-2.331123113632202,1,TCGA-CM-4743-01
PIK3CA,B,E542A,P42336,1068,True,-1.7973655462265015,1,TCGA-CM-4747-01
TP53,B,N239S,P04637,393,False,-2.4752399921417236,1,TCGA-CM-4750-01
TP53,B,G266E,P04637,393,False,-8.754522323608398,1,TCGA-CM-4751-01
PIK3CA,B,I13T,P42336,1068,True,0.5021781921386719,1,TCGA-CM-4752-01
TP53,B,G266V,P04637,393,False,-8.542106628417969,2,TCGA-CM-4752-01;TCGA-CM-6164-01
TP53,B,R158H,P04637,393,False,-6.478166580200195,1,TCGA-CM-5341-01
FBXL16,A,L30M,Q8N461,479,False,-2.1844849586486816,1,TCGA-CM-5861-01
TP53,B,R267L,P04637,393,False,-6.950287818908691,1,TCGA-CM-5864-01
SMAD4,B,K436N,Q13485,552,False,-0.9376487731933594,1,TCGA-CM-5868-01
ALDOB,A,A163T,P05062,364,False,-2.969362258911133,1,TCGA-CM-6162-01
RAC3,A,V191I,P60763,192,False,2.0102200508117676,1,TCGA-CM-6162-01
KRAS,B,P34L,P01116,189,False,-10.997986793518066,1,TCGA-CM-6164-01
SMAD4,B,E330Q,Q13485,552,False,-0.46954894065856934,1,TCGA-CM-6165-01
TP53,B,R267W,P04637,393,False,-7.953455924987793,1,TCGA-CM-6167-01
BRAF,B,G469A,P15056,766,False,-7.693565368652344,1,TCGA-CM-6169-01
SMAD4,B,G365D,Q13485,552,False,-1.2077444791793823,1,TCGA-CM-6170-01
FBXW7,B,R513W,Q969H0,707,False,-5.278285026550293,1,TCGA-CM-6677-01
SMAD4,B,D355G,Q13485,552,False,0.017544269561767578,1,TCGA-CM-6680-01
TP53,B,H214R,P04637,393,False,-1.9598098993301392,2,TCGA-D5-5538-01;TCGA-D5-6539-01
SMAD4,B,R361C,Q13485,552,False,-1.6039249897003174,3,TCGA-D5-6532-01;TCGA-F4-6805-01;TCGA-G4-6628-01
ALDOB,A,G195E,P05062,364,False,-5.955447196960449,1,TCGA-D5-6534-01
KRAS,B,G12R,P01116,189,False,-8.472050666809082,2,TCGA-D5-6536-01;TCGA-D5-6537-01
TP53,B,R213L,P04637,393,False,-4.774658679962158,1,TCGA-D5-6922-01
TP53,B,Y163C,P04637,393,False,-5.337740898132324,1,TCGA-D5-6924-01
WNT11,A,R250Q,O96014,354,False,-8.343462944030762,1,TCGA-D5-6924-01
ALDOB,A,R56H,P05062,364,False,-7.196568489074707,1,TCGA-D5-6928-01
TP53,B,R337L,P04637,393,False,-2.193244695663452,1,TCGA-D5-6929-01
TP53,B,R181H,P04637,393,False,-1.9221608638763428,1,TCGA-D5-6931-01
TP53,B,E224D,P04637,393,False,-1.8956198692321777,1,TCGA-DM-A0XD-01
FBXW7,B,S438F,Q969H0,707,False,-11.191459655761719,1,TCGA-DM-A0XD-01
TP53,B,C176F,P04637,393,False,-12.235783576965332,2,TCGA-DM-A0XF-01;TCGA-SS-A7HO-01
TP53,B,P278T,P04637,393,False,-8.866868019104004,1,TCGA-DM-A1D6-01
BRAF,B,G466V,P15056,766,False,-11.854694366455078,1,TCGA-DM-A1D7-01
KRAS,B,A146V,P01116,189,False,-7.484421730041504,1,TCGA-DM-A1D7-01
SMAD4,B,G365R,Q13485,552,False,-1.8821755647659302,1,TCGA-DM-A1D8-01
BRAF,B,N581I,P15056,766,False,-12.654165267944336,1,TCGA-DM-A1DA-01
TP53,B,P190L,P04637,393,False,-2.4891438484191895,1,TCGA-DM-A1DA-01
PIK3CA,B,G106V,P42336,1068,True,0.07232522964477539,1,TCGA-DM-A280-01
KRAS,B,L19F,P01116,189,False,-6.7099809646606445,1,TCGA-DM-A285-01
SMAD4,B,G352R,Q13485,552,False,-0.052953481674194336,1,TCGA-DM-A285-01
PIK3CA,B,R93P,P42336,1068,True,-5.9097747802734375,1,TCGA-DM-A288-01
TP53,B,M133R,P04637,393,False,-4.714193344116211,1,TCGA-DM-A288-01
TP53,B,E285K,P04637,393,False,-6.7811431884765625,1,TCGA-DM-A28E-01
TP53,B,Y220C,P04637,393,False,-3.8001978397369385,1,TCGA-DM-A28F-01
TP53,B,R337C,P04637,393,False,-4.342632293701172,1,TCGA-F4-6460-01
SMAD4,B,G386S,Q13485,552,False,-1.3373093605041504,1,TCGA-F4-6569-01
PIK3CA,B,P609H,P42336,1068,True,-1.795957326889038,1,TCGA-F4-6570-01
WNT11,A,R240Q,O96014,354,False,-5.494076728820801,1,TCGA-F4-6570-01
SLC38A11,A,T293M,Q08AI6,406,False,2.4484944343566895,1,TCGA-F4-6570-01
KRAS,B,Q61P,P01116,189,False,-6.949407577514648,1,TCGA-F4-6805-01
KRAS,B,Y71C,P01116,189,False,-9.623588562011719,1,TCGA-F4-6805-01
PIK3CA,B,G1007R,P42336,1068,True,-3.890289545059204,1,TCGA-F4-6805-01
TP53,B,K132R,P04637,393,False,-1.5738525390625,1,TCGA-F4-6809-01
IL1RN,A,R127H,P18510,177,False,-3.4884140491485596,1,TCGA-F4-6854-01
RAC3,A,A95V,P60763,192,False,-0.8669545650482178,1,TCGA-F4-6856-01
FBXW7,B,R479G,Q969H0,707,False,-8.910745620727539,1,TCGA-G4-6293-01
PIK3CA,B,L658F,P42336,1068,True,-5.099094867706299,1,TCGA-G4-6295-01
MSLN,A,S451Y,Q13421,622,False,-5.158918380737305,1,TCGA-G4-6295-01
PIK3CA,B,R93W,P42336,1068,True,-5.694670677185059,1,TCGA-G4-6297-01
TP53,B,V143M,P04637,393,False,-2.541658878326416,1,TCGA-G4-6297-01
TP53,B,R267Q,P04637,393,False,-3.404731512069702,1,TCGA-G4-6302-01
FBXW7,B,T536P,Q969H0,707,False,-8.965352058410645,1,TCGA-G4-6302-01
SMAD4,B,R441C,Q13485,552,False,-2.381950855255127,1,TCGA-G4-6304-01
TP53,B,D259Y,P04637,393,False,-9.65781021118164,1,TCGA-G4-6307-01
PIK3CA,B,K111E,P42336,1068,True,0.9758609533309937,1,TCGA-G4-6311-01
ALDOB,A,Q90H,P05062,364,False,-2.1704139709472656,1,TCGA-G4-6586-01
ALDOB,A,A239S,P05062,364,False,1.0236248970031738,1,TCGA-G4-6628-01
PIK3CA,B,P104R,P42336,1068,True,4.337991714477539,1,TCGA-NH-A50T-01
TP53,B,Y236H,P04637,393,False,-4.6366047859191895,1,TCGA-QG-A5YX-01
MSLN,A,S314N,Q13421,622,False,2.54689884185791,1,TCGA-WS-AB45-01
MSLN,A,R173Q,Q13421,622,False,-0.376417875289917,1,TCGA-WS-AB45-01
